runs,xPosInd,zPosInd,uStar,z0,disp,id,A,C,WS,delT,xPos,zPos,blockType,uStarNorm,uStar_2,z0_2,u10_2,uScaling
2530,0.0,0.0,0.2681086144356447,1.0119795620354741,0.0,0.0,45.0,2.0,2.0,0.0,0.0,0.0,Bxz,0.13405430721782235,0.24968498260054747,0.366,2.0143531082299058,1.0071765541149529
2530,0.0,1.0,0.3327125332192745,1.115022396498944,0.12789029910573027,3.0,45.0,2.0,2.0,0.0,0.0,1.0,Bxz,0.16635626660963726,0.3077534892600083,0.366,2.4828253233446063,1.2414126616723031
2530,0.0,2.0,0.35810901855807287,1.25316934311196,0.0,2.0,45.0,2.0,2.0,0.0,0.0,2.0,Bx,0.17905450927903643,0.3285475636258676,0.366,2.650583143199731,1.3252915715998654
2530,0.0,3.0,0.2883989357448822,1.1474260964589884,0.0,1.0,45.0,2.0,2.0,0.0,0.0,3.0,Bx,0.1441994678724411,0.2662297588469965,0.366,2.147829383454357,1.0739146917271785
2530,1.0,0.0,0.3131487741899409,1.3693744512048136,0.0,1.0,45.0,2.0,2.0,0.0,1.0,0.0,Bxz,0.15657438709497046,0.2855208557043713,0.366,2.3034618148128136,1.1517309074064068
2530,1.0,1.0,0.2777599657245821,1.1207045135013334,0.0,0.0,45.0,2.0,2.0,0.0,1.0,1.0,Bxz,0.13887998286229106,0.2568318898229723,0.366,2.072011340726627,1.0360056703633136
2530,1.0,2.0,0.3198389436876897,1.0505132589193173,0.0,3.0,45.0,2.0,2.0,0.0,1.0,2.0,Bx,0.15991947184384486,0.2970823911277387,0.366,2.3967354052923366,1.1983677026461683
2530,1.0,3.0,0.3553496046442084,1.2069829692410385,0.0,2.0,45.0,2.0,2.0,0.0,1.0,3.0,Bx,0.1776748023221042,0.3268740414206331,0.366,2.6370818720351807,1.3185409360175904
2530,2.0,0.0,0.3448196166265014,1.1476802951869516,0.0,2.0,45.0,2.0,2.0,0.0,2.0,0.0,Bz,0.1724098083132507,0.3183084559169644,0.366,2.567978341644938,1.283989170822469
2530,2.0,1.0,0.2837833193420847,1.1266743904396601,0.0,1.0,45.0,2.0,2.0,0.0,2.0,1.0,Bz,0.14189165967104236,0.262303841279655,0.366,2.1161567366973815,1.0580783683486907
2530,2.0,2.0,0.24854052231257248,0.848444719059566,0.0,0.0,45.0,2.0,2.0,0.0,2.0,2.0,B,0.12427026115628624,0.2343350404372362,0.366,1.890516250338928,0.945258125169464
2530,2.0,3.0,0.31228404469607474,0.9373406617607026,0.5227485866099557,3.0,45.0,2.0,2.0,0.0,2.0,3.0,B,0.15614202234803737,0.29238874398440434,0.366,2.3588690401884493,1.1794345200942247
2530,3.0,0.0,0.33018494041052376,1.1195456575954814,0.0,3.0,45.0,2.0,2.0,0.0,3.0,0.0,Bz,0.16509247020526188,0.3053289686125016,0.366,2.4632653135618554,1.2316326567809277
2530,3.0,1.0,0.3527560704462413,1.1902875518127995,0.0,2.0,45.0,2.0,2.0,0.0,3.0,1.0,Bz,0.17637803522312065,0.32480487553079684,0.366,2.6203887145283753,1.3101943572641876
2530,3.0,2.0,0.31315892075781804,1.3590021161793093,0.0,1.0,45.0,2.0,2.0,0.0,3.0,2.0,B,0.15657946037890902,0.28568211626746715,0.366,2.3047627970069517,1.1523813985034759
2530,3.0,3.0,0.26858011204825233,1.0128273861777992,0.0,0.0,45.0,2.0,2.0,0.0,3.0,3.0,B,0.13429005602412616,0.2501094182977847,0.366,2.017777276383989,1.0088886381919946
2531,0.0,0.0,0.28121600268337427,1.126459326459208,0.0,0.0,45.0,2.0,2.0,5.0,0.0,0.0,Bxz,0.14060800134168713,0.2599343175999515,0.366,2.0970404192500034,1.0485202096250017
2531,0.0,1.0,0.33813813732301423,1.1282270812449713,0.17055310440356983,3.0,45.0,2.0,2.0,5.0,0.0,1.0,Bxz,0.16906906866150712,0.31251443024293024,0.366,2.5212345867579,1.26061729337895
2531,0.0,2.0,0.36543350174063105,1.1864484742798955,0.0,2.0,45.0,2.0,2.0,5.0,0.0,2.0,Bx,0.18271675087031553,0.336553889314281,0.366,2.7151748013282364,1.3575874006641182
2531,0.0,3.0,0.284316787816081,0.9653349471986394,0.0,1.0,45.0,2.0,2.0,5.0,0.0,3.0,Bx,0.1421583939080405,0.26565544254438533,0.366,2.14319604180432,1.07159802090216
2531,1.0,0.0,0.3184374529790671,1.259805005038726,0.0,1.0,45.0,2.0,2.0,5.0,1.0,0.0,Bxz,0.15921872648953356,0.29204285435490385,0.366,2.3560785485736475,1.1780392742868238
2531,1.0,1.0,0.2930071766813039,1.2390446899076595,0.0,0.0,45.0,2.0,2.0,5.0,1.0,1.0,Bxz,0.14650358834065194,0.26903318043198843,0.366,2.170446206158675,1.0852231030793376
2531,1.0,2.0,0.327316918593379,1.056661832783395,0.0,3.0,45.0,2.0,2.0,5.0,1.0,2.0,Bx,0.1636584592966895,0.3039041345065187,0.366,2.4517703530712187,1.2258851765356094
2531,1.0,3.0,0.3581286056031845,1.1380958486814272,0.0,2.0,45.0,2.0,2.0,5.0,1.0,3.0,Bx,0.17906430280159225,0.33078832198702945,0.366,2.6686606363776835,1.3343303181888417
2531,2.0,0.0,0.35038745659907383,1.08077826025376,0.0,2.0,45.0,2.0,2.0,5.0,2.0,0.0,Bz,0.17519372829953692,0.3248109521348768,0.366,2.620437738006634,1.310218869003317
2531,2.0,1.0,0.2800643390505961,0.9456032899558321,0.0,1.0,45.0,2.0,2.0,5.0,2.0,1.0,Bz,0.14003216952529804,0.2620606783294414,0.366,2.1141950005950836,1.0570975002975418
2531,2.0,2.0,0.2736750853038871,1.0302718045045898,0.0,0.0,45.0,2.0,2.0,5.0,2.0,2.0,B,0.13683754265194356,0.25454953679031295,0.366,2.0535982792860423,1.0267991396430212
2531,2.0,3.0,0.3302365770270403,1.0366947510559892,0.32238290099109157,3.0,45.0,2.0,2.0,5.0,2.0,3.0,B,0.16511828851352015,0.30702467978253906,0.366,2.4769455959338624,1.2384727979669312
2531,3.0,0.0,0.33793847034160457,1.1618558539394905,0.0,3.0,45.0,2.0,2.0,5.0,3.0,0.0,Bz,0.16896923517080228,0.3116884091786099,0.366,2.514570597273843,1.2572852986369214
2531,3.0,1.0,0.36846950088405367,1.173398762077724,0.03915639864205009,2.0,45.0,2.0,2.0,5.0,3.0,1.0,Bz,0.18423475044202683,0.33961278265570183,0.366,2.73985266239084,1.36992633119542
2531,3.0,2.0,0.3242658626705062,1.2779534206705354,0.0,1.0,45.0,2.0,2.0,5.0,3.0,2.0,B,0.1621329313352531,0.2970905615430825,0.366,2.396801320756582,1.198400660378291
2531,3.0,3.0,0.2938170607065625,1.208588873122454,0.0,0.0,45.0,2.0,2.0,5.0,3.0,3.0,B,0.14690853035328125,0.2702471884327843,0.366,2.1802403105711594,1.0901201552855797
2532,0.0,0.0,0.2793235300674488,1.0146641072639215,0.0,0.0,45.0,2.0,2.0,5.0,0.0,0.0,Bxz,0.1396617650337244,0.2600810064500222,0.366,2.0982238430106355,1.0491119215053177
2532,0.0,1.0,0.33704123330598235,1.041992451625507,0.2859084820585663,3.0,45.0,2.0,2.0,5.0,0.0,1.0,Bxz,0.16852061665299117,0.31323926134184804,0.366,2.527082218288798,1.263541109144399
2532,0.0,2.0,0.3625920226248673,1.1992656804425457,0.0,2.0,45.0,2.0,2.0,5.0,0.0,2.0,Bx,0.18129601131243364,0.3336858898242665,0.366,2.6920369913288464,1.3460184956644232
2532,0.0,3.0,0.30263431499706017,1.1587757717030727,0.0,1.0,45.0,2.0,2.0,5.0,0.0,3.0,Bx,0.15131715749853009,0.27917844739122893,0.366,2.2522939401325783,1.1261469700662892
2532,1.0,0.0,0.322510243737477,1.2996579978138185,0.0,1.0,45.0,2.0,2.0,5.0,1.0,0.0,Bxz,0.1612551218687385,0.29513393860822396,0.366,2.381016112333488,1.190508056166744
2532,1.0,1.0,0.2942880938720344,1.1254213606709849,0.0,0.0,45.0,2.0,2.0,5.0,1.0,1.0,Bxz,0.1471440469360172,0.27203470141586045,0.366,2.1946612112435124,1.0973306056217562
2532,1.0,2.0,0.34017791374105266,1.1013558386136681,0.0,3.0,45.0,2.0,2.0,5.0,1.0,2.0,Bx,0.17008895687052633,0.31493059467156076,0.366,2.540727182091888,1.270363591045944
2532,1.0,3.0,0.3659756465595212,1.2169506295831822,0.0,2.0,45.0,2.0,2.0,5.0,1.0,3.0,Bx,0.1829878232797606,0.33645482092452084,0.366,2.7143755593523586,1.3571877796761793
2532,2.0,0.0,0.3591947694884682,1.173858893283085,0.0,2.0,45.0,2.0,2.0,5.0,2.0,0.0,Bz,0.1795973847442341,0.3310553169467322,0.366,2.670814639078836,1.335407319539418
2532,2.0,1.0,0.30463617037478247,1.1632427043679254,0.0,1.0,45.0,2.0,2.0,5.0,2.0,1.0,Bz,0.15231808518739123,0.2809494715313034,0.366,2.2665818157755298,1.1332909078877649
2532,2.0,2.0,0.2771318950290943,0.9879868128588197,0.0,0.0,45.0,2.0,2.0,5.0,2.0,2.0,B,0.13856594751454715,0.25852205953879465,0.366,2.0856469169837286,1.0428234584918643
2532,2.0,3.0,0.3175722375683947,0.8642543727340543,0.6258769417411022,3.0,45.0,2.0,2.0,5.0,2.0,3.0,B,0.15878611878419735,0.2990344984024415,0.366,2.412484183274257,1.2062420916371286
2532,3.0,0.0,0.3371099769350782,1.0789525747212694,0.0,3.0,45.0,2.0,2.0,5.0,3.0,0.0,Bz,0.1685549884675391,0.31253964674570717,0.366,2.5214380228645425,1.2607190114322713
2532,3.0,1.0,0.3615807316506643,1.1704755696667408,0.0,2.0,45.0,2.0,2.0,5.0,3.0,1.0,Bz,0.18079036582533214,0.33332170177214127,0.366,2.689098875759628,1.344549437879814
2532,3.0,2.0,0.33564766042823163,1.4268562250301629,0.0,1.0,45.0,2.0,2.0,5.0,3.0,2.0,B,0.16782383021411582,0.3051551370297649,0.366,2.461862913684429,1.2309314568422145
2532,3.0,3.0,0.28725831444743566,1.0895025554611348,0.0,0.0,45.0,2.0,2.0,5.0,3.0,3.0,B,0.14362915722371783,0.266140094087148,0.366,2.147106005997618,1.073553002998809
2540,0.0,0.0,0.500489096565663,0.9366364509957061,0.0,0.0,45.0,2.0,4.0,0.0,0.0,0.0,Bxz,0.12512227414141575,0.4686280960784322,0.366,3.7806937850549893,0.9451734462637473
2540,0.0,1.0,0.663006297962372,0.9031167017235806,0.5421429451329133,3.0,45.0,2.0,4.0,0.0,0.0,1.0,Bxz,0.165751574490593,0.6223852026183091,0.366,5.021141257086327,1.2552853142715819
2540,0.0,2.0,0.7377383720316638,1.1690107339623184,0.0,2.0,45.0,2.0,4.0,0.0,0.0,2.0,Bx,0.18443459300791595,0.6801406843969949,0.366,5.4870881195147145,1.3717720298786786
2540,0.0,3.0,0.5945396591746024,1.1679130971303981,0.0,1.0,45.0,2.0,4.0,0.0,0.0,3.0,Bx,0.1486349147936506,0.5481580152360442,0.366,4.4223076225547935,1.1055769056386984
2540,1.0,0.0,0.6487093458450939,1.3858242843513855,0.0,1.0,45.0,2.0,4.0,0.0,1.0,0.0,Bxz,0.16217733646127347,0.5909820076289581,0.366,4.767793527574099,1.1919483818935248
2540,1.0,1.0,0.5143599271255388,0.9730254910658103,0.0,0.0,45.0,2.0,4.0,0.0,1.0,1.0,Bxz,0.1285899817813847,0.48033264843152196,0.366,3.8751211757908,0.9687802939477
2540,1.0,2.0,0.6997610441906149,1.084167931861261,0.0,3.0,45.0,2.0,4.0,0.0,1.0,2.0,Bx,0.17494026104765373,0.6485398675658498,0.366,5.232146060351075,1.3080365150877689
2540,1.0,3.0,0.7748118017980372,1.2893991324337863,0.0,2.0,45.0,2.0,4.0,0.0,1.0,3.0,Bx,0.1937029504495093,0.7094352881862716,0.366,5.723424624748985,1.4308561561872462
2540,2.0,0.0,0.7446115977891576,1.1875795332036843,0.0,2.0,45.0,2.0,4.0,0.0,2.0,0.0,Bz,0.1861528994472894,0.6857204208618435,0.366,5.532103079461476,1.383025769865369
2540,2.0,1.0,0.5869473770292556,1.129526665535708,0.0,1.0,45.0,2.0,4.0,0.0,2.0,1.0,Bz,0.1467368442573139,0.5424254875079149,0.366,4.376060007151966,1.0940150017879915
2540,2.0,2.0,0.45634670065206295,0.7093442548237877,0.0,0.0,45.0,2.0,4.0,0.0,2.0,2.0,B,0.11408667516301574,0.4356910082001183,0.366,3.5149712547982674,0.8787428136995669
2540,2.0,3.0,0.6232424412138499,0.7318913515656289,0.8505894750852144,3.0,45.0,2.0,4.0,0.0,2.0,3.0,B,0.15581061030346247,0.5937306007080503,0.366,4.789968017022614,1.1974920042556536
2540,3.0,0.0,0.695184670521634,1.05452194124621,0.04865218833968566,3.0,45.0,2.0,4.0,0.0,3.0,0.0,Bz,0.1737961676304085,0.6455501249015098,0.366,5.208026077779453,1.3020065194448633
2540,3.0,1.0,0.7469366947313323,1.1827196487110005,0.0,2.0,45.0,2.0,4.0,0.0,3.0,1.0,Bz,0.18673417368283307,0.6880591026043938,0.366,5.550970577170793,1.3877426442926983
2540,3.0,2.0,0.652875282863882,1.4110020200968503,0.0,1.0,45.0,2.0,4.0,0.0,3.0,2.0,B,0.1632188207159705,0.5940280714066043,0.366,4.792367885128412,1.198091971282103
2540,3.0,3.0,0.5000446203082285,0.9069548623895352,0.0,0.0,45.0,2.0,4.0,0.0,3.0,3.0,B,0.12501115507705712,0.4692685381415512,0.366,3.78586060144518,0.946465150361295
2541,0.0,0.0,0.4747508316929549,0.9445321595678602,0.0,0.0,45.0,2.0,4.0,5.0,0.0,0.0,Bxz,0.11868770792323872,0.4442671867443782,0.366,3.5841602453712498,0.8960400613428124
2541,0.0,1.0,0.58347711167542,1.0112690947740206,0.2983005644988599,3.0,45.0,2.0,4.0,5.0,0.0,1.0,Bxz,0.145869277918855,0.5434090024979888,0.366,4.383994591189068,1.095998647797267
2541,0.0,2.0,0.591916470851467,1.0297444804200044,0.0,2.0,45.0,2.0,4.0,5.0,0.0,2.0,Bx,0.14797911771286676,0.550570626769553,0.366,4.441771554629753,1.1104428886574382
2541,0.0,3.0,0.4869303655315892,1.001419601902929,0.0,1.0,45.0,2.0,4.0,5.0,0.0,3.0,Bx,0.1217325913828973,0.45380304776237934,0.366,3.6610915492934772,0.9152728873233693
2541,1.0,0.0,0.5601912829184715,1.3715008947466516,0.0,1.0,45.0,2.0,4.0,5.0,1.0,0.0,Bxz,0.14004782072961788,0.5107122744831022,0.366,4.120211182912953,1.0300527957282382
2541,1.0,1.0,0.5324759048204353,1.2421528074819526,0.0,0.0,45.0,2.0,4.0,5.0,1.0,1.0,Bxz,0.13311897620510882,0.48882272126903353,0.366,3.9436155018460437,0.9859038754615109
2541,1.0,2.0,0.594822105850955,1.125133716160897,0.0,3.0,45.0,2.0,4.0,5.0,1.0,2.0,Bx,0.14870552646273874,0.5498528575848964,0.366,4.435980895643995,1.1089952239109988
2541,1.0,3.0,0.6139070866865945,1.1181208737834007,0.0,2.0,45.0,2.0,4.0,5.0,1.0,3.0,Bx,0.15347677167164864,0.5677434203590995,0.366,4.5803144088447185,1.1450786022111796
2541,2.0,0.0,0.5896342387789693,1.0393006103335358,0.0,2.0,45.0,2.0,4.0,5.0,2.0,0.0,Bz,0.1474085596947423,0.5480932925931588,0.366,4.421785467575702,1.1054463668939254
2541,2.0,1.0,0.4749828660277142,0.9999674923976697,0.0,1.0,45.0,2.0,4.0,5.0,2.0,1.0,Bz,0.11874571650692856,0.44271333941772056,0.366,3.5716244606413565,0.8929061151603391
2541,2.0,2.0,0.502543843864865,1.097991437111919,0.0,0.0,45.0,2.0,4.0,5.0,2.0,2.0,B,0.12563596096621624,0.4653457014267857,0.366,3.7542128097071075,0.9385532024267769
2541,2.0,3.0,0.5926352360052957,1.0956293000345636,0.20037893557940822,3.0,45.0,2.0,4.0,5.0,2.0,3.0,B,0.14815880900132392,0.5488512919748018,0.366,4.42790068681935,1.1069751717048375
2541,3.0,0.0,0.5878107054581374,1.0840955552812006,0.0,3.0,45.0,2.0,4.0,5.0,3.0,0.0,Bz,0.14695267636453435,0.5447866264497178,0.366,4.395108680071123,1.0987771700177809
2541,3.0,1.0,0.5477770997283294,0.7833782941790081,0.5686663555586198,2.0,45.0,2.0,4.0,5.0,3.0,1.0,Bz,0.13694427493208236,0.5193612469525778,0.366,4.189987444165939,1.0474968610414848
2541,3.0,2.0,0.5427140306594701,1.296958999248986,0.0,1.0,45.0,2.0,4.0,5.0,3.0,2.0,B,0.13567850766486753,0.49671798849882753,0.366,4.0073111871812115,1.0018277967953029
2541,3.0,3.0,0.49927879044883405,1.0948203463432034,0.0,0.0,45.0,2.0,4.0,5.0,3.0,3.0,B,0.12481969761220851,0.46241593675434084,0.366,3.7305767042719524,0.9326441760679881
2542,0.0,0.0,0.5476974927721318,1.1224860672789492,0.0,0.0,45.0,2.0,4.0,5.0,0.0,0.0,Bxz,0.13692437319303294,0.5063744234128597,0.366,4.085215230431659,1.0213038076079148
2542,0.0,1.0,0.6873658303534836,1.1928256020126897,0.0,3.0,45.0,2.0,4.0,5.0,0.0,1.0,Bxz,0.1718414575883709,0.6328069327666979,0.366,5.10521937944231,1.2763048448605776
2542,0.0,2.0,0.7292401601193013,1.1993670076988094,0.0,2.0,45.0,2.0,4.0,5.0,0.0,2.0,Bx,0.18231004002982532,0.6711005687360013,0.366,5.414156279999108,1.353539069999777
2542,0.0,3.0,0.6100127337133104,1.19761446072557,0.0,1.0,45.0,2.0,4.0,5.0,0.0,3.0,Bx,0.1525031834283276,0.5614361652922513,0.366,4.529430135725936,1.132357533931484
2542,1.0,0.0,0.6629140720221162,1.4157431443972492,0.0,1.0,45.0,2.0,4.0,5.0,1.0,0.0,Bxz,0.16572851800552904,0.6030203957478889,0.366,4.8649141644377165,1.2162285411094291
2542,1.0,1.0,0.5772200925495566,1.274957527208077,0.0,0.0,45.0,2.0,4.0,5.0,1.0,1.0,Bxz,0.14430502313738916,0.5289326985522077,0.366,4.2672058778866075,1.0668014694716519
2542,1.0,2.0,0.6663640307318376,1.1146591691766217,0.0,3.0,45.0,2.0,4.0,5.0,1.0,2.0,Bx,0.1665910076829594,0.6163895623682442,0.366,4.9727709608524195,1.2431927402131049
2542,1.0,3.0,0.7432362300549223,1.2281219304786335,0.0,2.0,45.0,2.0,4.0,5.0,1.0,3.0,Bx,0.18580905751373059,0.6828473741426365,0.366,5.508924550546171,1.3772311376365427
2542,2.0,0.0,0.705647110281442,1.113371243104038,0.0,2.0,45.0,2.0,4.0,5.0,2.0,0.0,Bz,0.1764117775703605,0.6527794039005502,0.366,5.266348851020788,1.316587212755197
2542,2.0,1.0,0.6076951612648767,1.1884788928379943,0.0,1.0,45.0,2.0,4.0,5.0,2.0,1.0,Bz,0.15192379031621916,0.5596030220616198,0.366,4.514641109465752,1.128660277366438
2542,2.0,2.0,0.5371183337168344,1.0905261908591388,0.0,0.0,45.0,2.0,4.0,5.0,2.0,2.0,B,0.1342795834292086,0.4975985722382698,0.366,4.014415365310498,1.0036038413276245
2542,2.0,3.0,0.6374706174366199,0.9354147373346187,0.5140503399110615,3.0,45.0,2.0,4.0,5.0,2.0,3.0,B,0.15936765435915498,0.5969439476750964,0.366,4.815891944779398,1.2039729861948496
2542,3.0,0.0,0.6754792739173499,1.1416874514407125,0.0,3.0,45.0,2.0,4.0,5.0,3.0,0.0,Bz,0.16886981847933746,0.6237741856870301,0.366,5.032346986532352,1.258086746633088
2542,3.0,1.0,0.7213748349781031,1.1618129306746883,0.0,2.0,45.0,2.0,4.0,5.0,3.0,1.0,Bz,0.18034370874452577,0.6653422913954203,0.366,5.367700927585679,1.3419252318964197
2542,3.0,2.0,0.6695880631440778,1.4488870481162444,0.0,1.0,45.0,2.0,4.0,5.0,3.0,2.0,B,0.16739701578601945,0.6081055423980165,0.366,4.905938982405551,1.2264847456013876
2542,3.0,3.0,0.5541708557545955,1.1625799121895017,0.0,0.0,45.0,2.0,4.0,5.0,3.0,3.0,B,0.13854271393864886,0.5111022126997425,0.366,4.123357039946589,1.0308392599866472
2550,0.0,0.0,0.28641600733596495,1.2701734425278457,0.0,0.0,0.0,2.0,2.0,0.0,0.0,0.0,Bxz,0.14320800366798248,0.2625249294000853,0.366,2.117940382385412,1.058970191192706
2550,0.0,1.0,0.325187542473886,1.2487441100492913,0.0,1.0,0.0,2.0,2.0,0.0,0.0,1.0,Bxz,0.162593771236943,0.2984176006712613,0.366,2.4075073126218047,1.2037536563109024
2550,0.0,2.0,0.3178983857212857,1.495255074640831,0.0,2.0,0.0,2.0,2.0,0.0,0.0,2.0,Bx,0.15894919286064285,0.2880725842459299,0.366,2.3240480842212174,1.1620240421106087
2550,0.0,3.0,0.3632600152043485,1.6333031732030008,0.0,3.0,0.0,2.0,2.0,0.0,0.0,3.0,Bx,0.18163000760217424,0.3271497527099369,0.366,2.63930619440651,1.319653097203255
2550,1.0,0.0,0.24440108115124848,0.807662459025805,0.0,0.0,0.0,2.0,2.0,0.0,1.0,0.0,Bxz,0.12220054057562424,0.23122815076396802,0.366,1.8654511751185752,0.9327255875592876
2550,1.0,1.0,0.2775962289444099,0.7747711774421592,0.0,1.0,0.0,2.0,2.0,0.0,1.0,1.0,Bxz,0.13879811447220494,0.26339959091800136,0.366,2.1249967825297573,1.0624983912648787
2550,1.0,2.0,0.3400440052122709,1.8673098366611396,0.0,2.0,0.0,2.0,2.0,0.0,1.0,2.0,Bx,0.17002200260613545,0.3033846838047715,0.366,2.447579643943507,1.2237898219717536
2550,1.0,3.0,0.3757425444880144,1.8587797769038512,0.0,3.0,0.0,2.0,2.0,0.0,1.0,3.0,Bx,0.1878712722440072,0.3353421097505364,0.366,2.7053986750057994,1.3526993375028997
2550,2.0,0.0,0.3224233795236331,1.5678261481865625,0.0,0.0,0.0,2.0,2.0,0.0,2.0,0.0,Bz,0.16121168976181655,0.2912053493232146,0.366,2.3493219112854518,1.1746609556427259
2550,2.0,1.0,0.37242016052979093,1.5621576661222945,0.0,1.0,0.0,2.0,2.0,0.0,2.0,1.0,Bz,0.18621008026489547,0.3364465803152279,0.366,2.7143090775929433,1.3571545387964716
2550,2.0,2.0,0.26867622899484783,1.0988325482764567,0.0,2.0,0.0,2.0,2.0,0.0,2.0,2.0,B,0.13433811449742392,0.24877556087718194,0.366,2.0070162774118354,1.0035081387059177
2550,2.0,3.0,0.3041922705458723,1.1558075470969376,0.0,3.0,0.0,2.0,2.0,0.0,2.0,3.0,B,0.15209613527293614,0.2806660378037429,0.366,2.264295192030112,1.132147596015056
2550,3.0,0.0,0.33844962093410624,1.8399430574527011,0.0,0.0,0.0,2.0,2.0,0.0,3.0,0.0,Bz,0.16922481046705312,0.3022744232628875,0.366,2.4386225302629176,1.2193112651314588
2550,3.0,1.0,0.39739309620695246,1.9252003086363927,0.0,1.0,0.0,2.0,2.0,0.0,3.0,1.0,Bz,0.19869654810347623,0.3537941759105007,0.366,2.8542621606486343,1.4271310803243171
2550,3.0,2.0,0.23689690854318463,0.726422893615708,0.0,2.0,0.0,2.0,2.0,0.0,3.0,2.0,B,0.11844845427159231,0.22579785017772316,0.366,1.821641800799797,0.9108209003998985
2550,3.0,3.0,0.2646783540912858,0.7594091956446466,0.0,3.0,0.0,2.0,2.0,0.0,3.0,3.0,B,0.1323391770456429,0.2514946736536596,0.366,2.0289529322153323,1.0144764661076662
2551,0.0,0.0,0.24954607363613115,1.152051535088684,0.0,0.0,0.0,2.0,2.0,5.0,0.0,0.0,Bxz,0.12477303681806558,0.23029864543390827,0.366,1.8579523182341082,0.9289761591170541
2551,0.0,1.0,0.33014352173695527,1.2221163689535806,0.0,1.0,0.0,2.0,2.0,5.0,0.0,1.0,Bxz,0.16507176086847763,0.3034230548000211,0.366,2.4478892049461023,1.2239446024730511
2551,0.0,2.0,0.32586634845364726,1.5774323831620525,0.0,2.0,0.0,2.0,2.0,5.0,0.0,2.0,Bx,0.16293317422682363,0.2941891404817332,0.366,2.3733938796187917,1.1866969398093958
2551,0.0,3.0,0.34864330820033024,1.587332952811903,0.0,3.0,0.0,2.0,2.0,5.0,0.0,3.0,Bx,0.17432165410016512,0.3146141471978249,0.366,2.5381742173694115,1.2690871086847058
2551,1.0,0.0,0.2214067137982919,0.8099583542748025,0.0,0.0,0.0,2.0,2.0,5.0,1.0,0.0,Bxz,0.11070335689914595,0.2094315339890132,0.366,1.6896052660365366,0.8448026330182683
2551,1.0,1.0,0.28338421850393364,0.7665279536057238,0.0,1.0,0.0,2.0,2.0,5.0,1.0,1.0,Bxz,0.14169210925196682,0.2690929855532336,0.366,2.1709286886476638,1.0854643443238319
2551,1.0,2.0,0.3523936036522789,1.9695642207215571,0.0,2.0,0.0,2.0,2.0,5.0,1.0,2.0,Bx,0.17619680182613945,0.3132317541503429,0.366,2.5270216534346965,1.2635108267173483
2551,1.0,3.0,0.36589545643395394,1.8455200939002692,0.0,3.0,0.0,2.0,2.0,5.0,1.0,3.0,Bx,0.18294772821697697,0.32671748559536384,0.366,2.6358188456811007,1.3179094228405503
2551,2.0,0.0,0.2885136829303398,1.5372383718784188,0.0,0.0,0.0,2.0,2.0,5.0,2.0,0.0,Bz,0.1442568414651699,0.26093852640264276,0.366,2.1051419522374686,1.0525709761187343
2551,2.0,1.0,0.3837441191596822,1.5857492942185345,0.0,1.0,0.0,2.0,2.0,5.0,2.0,1.0,Bz,0.1918720595798411,0.3463131575610094,0.366,2.793908460525903,1.3969542302629514
2551,2.0,2.0,0.2743867801826495,1.1281962763886708,0.0,2.0,0.0,2.0,2.0,5.0,2.0,2.0,B,0.13719339009132475,0.25359456004225417,0.366,2.045893929746459,1.0229469648732294
2551,2.0,3.0,0.29107307521803377,1.092169047075229,0.0,3.0,0.0,2.0,2.0,5.0,2.0,3.0,B,0.14553653760901689,0.269628266637109,0.366,2.175247110620226,1.087623555310113
2551,3.0,0.0,0.3038691429407967,1.7879959228343087,0.0,0.0,0.0,2.0,2.0,5.0,3.0,0.0,Bz,0.15193457147039835,0.2719346945602754,0.366,2.193854398121258,1.096927199060629
2551,3.0,1.0,0.41050399418512445,1.9643987151278968,0.0,1.0,0.0,2.0,2.0,5.0,3.0,1.0,Bz,0.20525199709256223,0.36495136153193836,0.366,2.9442736275040367,1.4721368137520183
2551,3.0,2.0,0.23693193084382633,0.7161299001616728,0.0,2.0,0.0,2.0,2.0,5.0,3.0,2.0,B,0.11846596542191316,0.2260569392940594,0.366,1.8237320224918059,0.9118660112459029
2551,3.0,3.0,0.25213817620713674,0.7089302435392661,0.0,3.0,0.0,2.0,2.0,5.0,3.0,3.0,B,0.12606908810356837,0.24073544439680766,0.366,1.9421520094286757,0.9710760047143379
2552,0.0,0.0,0.3037685069677852,1.217335691858316,0.0,0.0,0.0,2.0,2.0,5.0,0.0,0.0,Bxz,0.1518842534838926,0.2792593338475596,0.366,2.252946497939725,1.1264732489698626
2552,0.0,1.0,0.36599574443282107,1.3027936600297314,0.0,1.0,0.0,2.0,2.0,5.0,0.0,1.0,Bxz,0.18299787221641053,0.33487167708077953,0.366,2.7016034226815795,1.3508017113407897
2552,0.0,2.0,0.3583779946636638,1.5187514014073487,0.0,2.0,0.0,2.0,2.0,5.0,0.0,2.0,Bx,0.1791889973318319,0.32440007247321345,0.366,2.6171229342288505,1.3085614671144252
2552,0.0,3.0,0.40678152263711315,1.6035070212723253,0.0,3.0,0.0,2.0,2.0,5.0,0.0,3.0,Bx,0.20339076131855657,0.36681740397385665,0.366,2.959328070722116,1.479664035361058
2552,1.0,0.0,0.25912041443501793,0.7736781440720397,0.0,0.0,0.0,2.0,2.0,5.0,1.0,0.0,Bxz,0.12956020721750897,0.24589295302296998,0.366,1.9837606132927428,0.9918803066463714
2552,1.0,1.0,0.3066107158611066,0.7777390615469639,0.0,1.0,0.0,2.0,2.0,5.0,1.0,1.0,Bxz,0.1533053579305533,0.29085238626825566,0.366,2.3464743542580258,1.1732371771290129
2552,1.0,2.0,0.38496281437707763,1.8883904547889434,0.0,2.0,0.0,2.0,2.0,5.0,1.0,2.0,Bx,0.19248140718853882,0.3431911112122852,0.366,2.7687211076419227,1.3843605538209613
2552,1.0,3.0,0.4298997813718159,1.9040443735508172,0.0,3.0,0.0,2.0,2.0,5.0,1.0,3.0,Bx,0.21494989068590795,0.38303063075645666,0.366,3.0901295447387396,1.5450647723693698
2552,2.0,0.0,0.33719657464026215,1.4886461527387844,0.0,0.0,0.0,2.0,2.0,5.0,2.0,0.0,Bz,0.16859828732013107,0.3056549452265584,0.366,2.4658951553685053,1.2329475776842527
2552,2.0,1.0,0.4133746046282151,1.5951616543446232,0.0,1.0,0.0,2.0,2.0,5.0,2.0,1.0,Bz,0.20668730231410756,0.37289893192372026,0.366,3.0083912726856608,1.5041956363428304
2552,2.0,2.0,0.31103902845889225,1.1689255781924308,0.0,2.0,0.0,2.0,2.0,5.0,2.0,2.0,B,0.15551951422944613,0.2867566395740085,0.366,2.3134315977488042,1.1567157988744021
2552,2.0,3.0,0.3506605839735273,1.2041215850406042,0.0,3.0,0.0,2.0,2.0,5.0,2.0,3.0,B,0.17533029198676364,0.3226143668887379,0.366,2.602716614885943,1.3013583074429715
2552,3.0,0.0,0.35565281303364926,1.7625323554343897,0.0,0.0,0.0,2.0,2.0,5.0,3.0,0.0,Bz,0.17782640651682463,0.3185960060910437,0.366,2.570298175144318,1.285149087572159
2552,3.0,1.0,0.44590164287488016,1.9955209032247567,0.0,1.0,0.0,2.0,2.0,5.0,3.0,1.0,Bz,0.22295082143744008,0.3959850671766981,0.366,3.1946404728558195,1.5973202364279098
2552,3.0,2.0,0.27130243979884455,0.7699982954918926,0.0,2.0,0.0,2.0,2.0,5.0,3.0,2.0,B,0.13565121989942228,0.2575390514884795,0.366,2.0777164227227454,1.0388582113613727
2552,3.0,3.0,0.303406657175283,0.7834015572888171,0.0,3.0,0.0,2.0,2.0,5.0,3.0,3.0,B,0.1517033285876415,0.287666885543564,0.366,2.3207750782374217,1.1603875391187108
2560,0.0,0.0,0.5433243885358137,1.1406495843938762,0.0,0.0,0.0,2.0,4.0,0.0,0.0,0.0,Bxz,0.13583109713395342,0.5017671423521417,0.366,4.048045630448174,1.0120114076120434
2560,0.0,1.0,0.6559840501498958,1.2678456836893035,0.0,1.0,0.0,2.0,4.0,0.0,0.0,1.0,Bxz,0.16399601253747395,0.6013430668003658,0.366,4.851382182082283,1.2128455455205707
2560,0.0,2.0,0.7117885443358027,1.6198541443015975,0.0,2.0,0.0,2.0,4.0,0.0,0.0,2.0,Bx,0.17794713608395069,0.6414035455429344,0.366,5.174573224778554,1.2936433061946384
2560,0.0,3.0,0.7540012098539938,1.5264762608219073,0.0,3.0,0.0,2.0,4.0,0.0,0.0,3.0,Bx,0.18850030246349844,0.6822717901097792,0.366,5.504280981383309,1.3760702453458273
2560,1.0,0.0,0.47564721822284833,0.7646020772650088,0.0,0.0,0.0,2.0,4.0,0.0,1.0,0.0,Bxz,0.11891180455571208,0.451739590655703,0.366,3.6444444478409155,0.9111111119602289
2560,1.0,1.0,0.5540329149826735,0.7676041694697434,0.0,1.0,0.0,2.0,4.0,0.0,1.0,1.0,Bxz,0.13850822874566837,0.5260410428525529,0.366,4.243877219567381,1.0609693048918452
2560,1.0,2.0,0.7437254273465759,1.9027196129452213,0.0,2.0,0.0,2.0,4.0,0.0,1.0,2.0,Bx,0.18593135683664397,0.662674211869156,0.366,5.346175987516162,1.3365439968790405
2560,1.0,3.0,0.8027608186046632,1.8453600318633074,0.0,3.0,0.0,2.0,4.0,0.0,1.0,3.0,Bx,0.2006902046511658,0.7168101815847796,0.366,5.7829221535367505,1.4457305383841876
2560,2.0,0.0,0.6232802500215688,1.4948513491581052,0.0,0.0,0.0,2.0,4.0,0.0,2.0,0.0,Bz,0.1558200625053922,0.5648136462402913,0.366,4.556678227200288,1.139169556800072
2560,2.0,1.0,0.7374425921883263,1.546882087626864,0.0,1.0,0.0,2.0,4.0,0.0,2.0,1.0,Bz,0.18436064804708158,0.6666684284106443,0.366,5.378399641584145,1.3445999103960362
2560,2.0,2.0,0.6036224560521839,1.2089963880418184,0.0,2.0,0.0,2.0,4.0,0.0,2.0,2.0,B,0.15090561401304597,0.5551870326037466,0.366,4.479014769436289,1.1197536923590723
2560,2.0,3.0,0.6445542150519141,1.1294268314027567,0.0,3.0,0.0,2.0,4.0,0.0,2.0,3.0,B,0.16113855376297853,0.5956663428914905,0.366,4.8055847683519595,1.2013961920879899
2560,3.0,0.0,0.6447450526585947,1.7063868244979277,0.0,0.0,0.0,2.0,4.0,0.0,3.0,0.0,Bz,0.16118626316464868,0.5788769674751815,0.366,4.670135170210983,1.1675337925527458
2560,3.0,1.0,0.7962349020553094,1.9412619379544775,0.0,1.0,0.0,2.0,4.0,0.0,3.0,1.0,Bz,0.19905872551382736,0.7084659736290111,0.366,5.7156046038132695,1.4289011509533174
2560,3.0,2.0,0.5452287134632656,0.8745371351586168,0.0,2.0,0.0,2.0,4.0,0.0,3.0,2.0,B,0.1363071783658164,0.5129770281021494,0.366,4.138482259708954,1.0346205649272384
2560,3.0,3.0,0.5485443170222843,0.6904356130290665,0.0,3.0,0.0,2.0,4.0,0.0,3.0,3.0,B,0.1371360792555711,0.5247068974064398,0.366,4.233113896926914,1.0582784742317286
2561,0.0,0.0,0.5786898175911752,1.1861735730730043,0.0,0.0,0.0,2.0,4.0,5.0,0.0,0.0,Bxz,0.1446724543977938,0.5329655521752995,0.366,4.299741239629638,1.0749353099074095
2561,0.0,1.0,0.7534116966101261,1.344770936199878,0.0,1.0,0.0,2.0,4.0,5.0,0.0,1.0,Bxz,0.18835292415253152,0.6878134312735047,0.366,5.548988604511384,1.387247151127846
2561,0.0,2.0,0.6932484978578626,1.5707294788459438,0.0,2.0,0.0,2.0,4.0,5.0,0.0,2.0,Bx,0.17331212446446564,0.6260449484481515,0.366,5.050666542551608,1.262666635637902
2561,0.0,3.0,0.7714209192976826,1.5698463568464185,0.0,3.0,0.0,2.0,4.0,5.0,0.0,3.0,Bx,0.19285522982442066,0.6966667564316235,0.366,5.620413497048703,1.4051033742621757
2561,1.0,0.0,0.5078015306017134,0.7924634727422627,0.0,0.0,0.0,2.0,4.0,5.0,1.0,0.0,Bxz,0.12695038265042835,0.48107095164286395,0.366,3.8810774946414304,0.9702693736603576
2561,1.0,1.0,0.6427964693741737,0.8463813766714807,0.0,1.0,0.0,2.0,4.0,5.0,1.0,1.0,Bxz,0.16069911734354342,0.6061603594161215,0.366,4.890246066696941,1.2225615166742352
2561,1.0,2.0,0.7189832992713749,1.840898315421125,0.0,2.0,0.0,2.0,4.0,5.0,1.0,2.0,Bx,0.17974582481784374,0.6421114179407269,0.366,5.180284040662922,1.2950710101657306
2561,1.0,3.0,0.8107772092040062,1.8589386896962008,0.0,3.0,0.0,2.0,4.0,5.0,1.0,3.0,Bx,0.20269430230100155,0.7235968266536168,0.366,5.837673942957487,1.4594184857393717
2561,2.0,0.0,0.6600579996017708,1.4918989803268692,0.0,0.0,0.0,2.0,4.0,5.0,2.0,0.0,Bz,0.1650144999004427,0.598224252430107,0.366,4.826220903437129,1.2065552258592822
2561,2.0,1.0,0.8493854315666467,1.641768581954518,0.0,1.0,0.0,2.0,4.0,5.0,2.0,1.0,Bz,0.21234635789166167,0.7646745707391507,0.366,6.169071853300159,1.5422679633250398
2561,2.0,2.0,0.5943589593727818,1.205217745573205,0.0,2.0,0.0,2.0,4.0,5.0,2.0,2.0,B,0.14858973984319546,0.5467866510502879,0.366,4.411244034823876,1.102811008705969
2561,2.0,3.0,0.6444703807991532,1.1153291425572904,0.0,3.0,0.0,2.0,4.0,5.0,2.0,3.0,B,0.1611175951997883,0.5961127692465537,0.366,4.809186347856466,1.2022965869641165
2561,3.0,0.0,0.6709548269466595,1.663075050855579,0.0,0.0,0.0,2.0,4.0,5.0,3.0,0.0,Bz,0.16773870673666488,0.6034942383893,0.366,4.868736926974722,1.2171842317436805
2561,3.0,1.0,0.910426824497464,2.0157423022191723,0.0,1.0,0.0,2.0,4.0,5.0,3.0,1.0,Bz,0.227606706124366,0.807938438111631,0.366,6.518106484090209,1.6295266210225523
2561,3.0,2.0,0.5334168002213969,0.865442139707756,0.0,2.0,0.0,2.0,4.0,5.0,3.0,2.0,B,0.13335420005534923,0.5022312166719055,0.366,4.051789586286965,1.0129473965717413
2561,3.0,3.0,0.5558511352652532,0.6991048986340387,0.0,3.0,0.0,2.0,4.0,5.0,3.0,3.0,B,0.1389627838163133,0.5312319766578675,0.366,4.285755483676197,1.0714388709190492
2562,0.0,0.0,0.6048266656134069,1.1902851681988136,0.0,0.0,0.0,2.0,4.0,5.0,0.0,0.0,Bxz,0.15120666640335173,0.5569023295105476,0.366,4.4928530612701225,1.1232132653175306
2562,0.0,1.0,0.6354615522575723,1.2678252797276646,0.0,1.0,0.0,2.0,4.0,5.0,0.0,1.0,Bxz,0.15886538806439307,0.5825306713926742,0.366,4.6996117120762495,1.1749029280190624
2562,0.0,2.0,0.6826346439584907,1.5995602041646413,0.0,2.0,0.0,2.0,4.0,5.0,0.0,2.0,Bx,0.17065866098962268,0.615675624725455,0.366,4.9670112131300845,1.2417528032825211
2562,0.0,3.0,0.6785732777146529,1.5843012335718356,0.0,3.0,0.0,2.0,4.0,5.0,0.0,3.0,Bx,0.16964331942866323,0.612423413532788,0.366,4.940773745196142,1.2351934362990356
2562,1.0,0.0,0.5102443550248552,0.7233029965359816,0.0,0.0,0.0,2.0,4.0,5.0,1.0,0.0,Bxz,0.1275610887562138,0.48648501360572877,0.366,3.9247558625971575,0.9811889656492894
2562,1.0,1.0,0.5318511207282453,0.7447027528180248,0.0,1.0,0.0,2.0,4.0,5.0,1.0,1.0,Bxz,0.1329627801820613,0.5060517692434118,0.366,4.082612192706517,1.0206530481766292
2562,1.0,2.0,0.7113475434280795,1.8927250068463486,0.0,2.0,0.0,2.0,4.0,5.0,1.0,2.0,Bx,0.17783688585701987,0.6340585827484458,0.366,5.115317163477578,1.2788292908693946
2562,1.0,3.0,0.7280933222720983,1.9357229423322082,0.0,3.0,0.0,2.0,4.0,5.0,1.0,3.0,Bx,0.18202333056802458,0.6479652269528611,0.366,5.227510102301724,1.306877525575431
2562,2.0,0.0,0.6895423715969666,1.5190269801478442,0.0,0.0,0.0,2.0,4.0,5.0,2.0,0.0,Bz,0.17238559289924166,0.6241587311289292,0.366,5.035449336934355,1.2588623342335887
2562,2.0,1.0,0.7198939278333669,1.5514180728037335,0.0,1.0,0.0,2.0,4.0,5.0,2.0,1.0,Bz,0.17997348195834173,0.6506705747924203,0.366,5.249335707401,1.31233392685025
2562,2.0,2.0,0.5632730731821181,1.127715271078875,0.0,2.0,0.0,2.0,4.0,5.0,2.0,2.0,B,0.14081826829552951,0.5206054428788256,0.366,4.200025092025978,1.0500062730064945
2562,2.0,3.0,0.580416411551786,1.1664933369998753,0.0,3.0,0.0,2.0,4.0,5.0,2.0,3.0,B,0.1451041028879465,0.5351821272132806,0.366,4.317623631958076,1.079405907989519
2562,3.0,0.0,0.7266859037856828,1.7932472941127156,0.0,0.0,0.0,2.0,4.0,5.0,3.0,0.0,Bz,0.1816714759464207,0.6501829833879791,0.366,5.245402025643882,1.3113505064109705
2562,3.0,1.0,0.7729762756645506,1.9357833585590996,0.0,1.0,0.0,2.0,4.0,5.0,3.0,1.0,Bz,0.19324406891613766,0.6879072205618738,0.366,5.549745256924265,1.3874363142310662
2562,3.0,2.0,0.5107773310741884,0.7990376742447497,0.0,2.0,0.0,2.0,4.0,5.0,3.0,2.0,B,0.1276943327685471,0.4836103451674394,0.366,3.9015642503364285,0.9753910625841071
2562,3.0,3.0,0.49909193368588983,0.7451854596886286,0.0,3.0,0.0,2.0,4.0,5.0,3.0,3.0,B,0.12477298342147246,0.4748601450004871,0.366,3.8309713267238275,0.9577428316809569
3210,0.0,0.0,0.18500190676851622,0.37562002524458005,0.0,0.0,45.0,3.0,2.0,0.0,0.0,0.0,Bxz,0.09250095338425811,0.18466622399400262,0.366,1.4898091924195027,0.7449045962097514
3210,0.0,1.0,0.22186679562751027,0.32271878999127124,0.7172471007216604,3.0,45.0,3.0,2.0,0.0,0.0,1.0,Bxz,0.11093339781375514,0.2238299972119011,0.366,1.8057659932243584,0.9028829966121792
3210,0.0,2.0,0.2663350882656846,0.5202448507595964,0.0,2.0,45.0,3.0,2.0,0.0,0.0,2.0,Bx,0.1331675441328423,0.25985885284041993,0.366,2.09643160140545,1.048215800702725
3210,0.0,3.0,0.25338204997377367,0.6054342856849628,0.0,1.0,45.0,3.0,2.0,0.0,0.0,3.0,Bx,0.12669102498688684,0.24461035090118913,0.366,1.973413120449071,0.9867065602245355
3210,1.0,0.0,0.2346064170295706,0.5940216792209592,0.0,1.0,45.0,3.0,2.0,0.0,1.0,0.0,Bxz,0.1173032085147853,0.22678660633545927,0.366,1.8296186683665725,0.9148093341832862
3210,1.0,1.0,0.20935638264020873,0.5481360560472351,0.0,0.0,45.0,3.0,2.0,0.0,1.0,1.0,Bxz,0.10467819132010436,0.20352028202345254,0.366,1.641915778882209,0.8209578894411045
3210,1.0,2.0,0.24407345482293438,0.47342098216773215,0.16234685638080268,3.0,45.0,3.0,2.0,0.0,1.0,2.0,Bx,0.12203672741146719,0.23971593217941156,0.366,1.933927014947227,0.9669635074736135
3210,1.0,3.0,0.29599296302584543,0.6780364806358679,0.0,2.0,45.0,3.0,2.0,0.0,1.0,3.0,Bx,0.14799648151292272,0.2834897414995667,0.366,2.2870756422484684,1.1435378211242342
3210,2.0,0.0,0.2653199276040411,0.514263541804153,0.0,2.0,45.0,3.0,2.0,0.0,2.0,0.0,Bz,0.13265996380202055,0.25907800522817087,0.366,2.090132052275961,1.0450660261379805
3210,2.0,1.0,0.22521891240688413,0.5642855707815939,0.0,1.0,45.0,3.0,2.0,0.0,2.0,1.0,Bz,0.11260945620344207,0.2184960583430099,0.366,1.7627340245903114,0.8813670122951557
3210,2.0,2.0,0.1955878938511369,0.44066547758176666,0.0,0.0,45.0,3.0,2.0,0.0,2.0,2.0,B,0.09779394692556845,0.1930625393138255,0.366,1.5575471223743118,0.7787735611871559
3210,2.0,3.0,0.22599565317356063,0.429963416863371,0.2039861169674293,3.0,45.0,3.0,2.0,0.0,2.0,3.0,B,0.11299782658678031,0.22346193575308362,0.366,1.8027966286439712,0.9013983143219856
3210,3.0,0.0,0.24338923201876428,0.3732052102200428,0.7571018422705097,3.0,45.0,3.0,2.0,0.0,3.0,0.0,Bz,0.12169461600938214,0.24305731578815307,0.366,1.9608838883160387,0.9804419441580193
3210,3.0,1.0,0.2725161189075048,0.6016437582256873,0.020316250005999292,2.0,45.0,3.0,2.0,0.0,3.0,1.0,Bz,0.1362580594537524,0.26319771352488186,0.366,2.1233681208854875,1.0616840604427438
3210,3.0,2.0,0.2080991640399921,0.573377296908365,0.0,1.0,45.0,3.0,2.0,0.0,3.0,2.0,B,0.10404958201999605,0.20166158536390194,0.366,1.6269205983374015,0.8134602991687008
3210,3.0,3.0,0.19244368901032077,0.4902721447291301,0.1461845866277954,0.0,45.0,3.0,2.0,0.0,3.0,3.0,B,0.09622184450516039,0.18854574853631484,0.366,1.521107559821771,0.7605537799108855
3211,0.0,0.0,0.22484009341314393,0.603930404395942,0.0,0.0,45.0,3.0,2.0,5.0,0.0,0.0,Bxz,0.11242004670657196,0.21709426480993071,0.366,1.7514249457220317,0.8757124728610158
3211,0.0,1.0,0.22672549509915527,0.5918957667116902,0.0,3.0,45.0,3.0,2.0,5.0,0.0,1.0,Bxz,0.11336274754957763,0.21922337954482743,0.366,1.7686017452209368,0.8843008726104684
3211,0.0,2.0,0.2484590219004248,0.5633352865177839,0.0,2.0,45.0,3.0,2.0,5.0,0.0,2.0,Bx,0.1242295109502124,0.24107088392564524,0.366,1.944858194039779,0.9724290970198896
3211,0.0,3.0,0.24705811747269416,0.5971579057279084,0.0,1.0,45.0,3.0,2.0,5.0,0.0,3.0,Bx,0.12352905873634708,0.2387352566736481,0.366,1.9260153386716858,0.9630076693358429
3211,1.0,0.0,0.25262014633484603,0.6596149539724325,0.0,1.0,45.0,3.0,2.0,5.0,1.0,0.0,Bxz,0.12631007316742301,0.24241602400300163,0.366,1.9557102167269518,0.9778551083634759
3211,1.0,1.0,0.23503077818096324,0.6606962004575047,0.0,0.0,45.0,3.0,2.0,5.0,1.0,1.0,Bxz,0.11751538909048162,0.22551128925678451,0.366,1.8193299481774332,0.9096649740887166
3211,1.0,2.0,0.22048291606890572,0.5454578532273295,0.0,3.0,45.0,3.0,2.0,5.0,1.0,2.0,Bx,0.11024145803445286,0.214410147814908,0.366,1.7297706221200928,0.8648853110600464
3211,1.0,3.0,0.25825652899513446,0.7129543338860697,0.0,2.0,45.0,3.0,2.0,5.0,1.0,3.0,Bx,0.12912826449756723,0.2464794213835954,0.366,1.9884919926204065,0.9942459963102033
3211,2.0,0.0,0.2511562862412032,0.600284017692919,0.0,2.0,45.0,3.0,2.0,5.0,2.0,0.0,Bz,0.1255781431206016,0.24260667962589313,0.366,1.9572483458630057,0.9786241729315028
3211,2.0,1.0,0.25345974487192524,0.6793627871265371,0.0,1.0,45.0,3.0,2.0,5.0,2.0,1.0,Bz,0.12672987243596262,0.24271999056650403,0.366,1.9581624907308257,0.9790812453654129
3211,2.0,2.0,0.2179498435028799,0.5172730689233616,0.0,0.0,45.0,3.0,2.0,5.0,2.0,2.0,B,0.10897492175143995,0.21273544041816128,0.366,1.716259789330404,0.858129894665202
3211,2.0,3.0,0.20824009848944863,0.40274902899459075,0.40091367652174753,3.0,45.0,3.0,2.0,5.0,2.0,3.0,B,0.10412004924472432,0.2068500457759108,0.366,1.6687789081524467,0.8343894540762233
3211,3.0,0.0,0.2379224670829391,0.589314654354239,0.21346052027971354,3.0,45.0,3.0,2.0,5.0,3.0,0.0,Bz,0.11896123354146955,0.2301202428357334,0.366,1.8565130413324424,0.9282565206662212
3211,3.0,1.0,0.2745471123677223,0.7601576102436216,0.0,2.0,45.0,3.0,2.0,5.0,3.0,1.0,Bz,0.13727355618386114,0.26085387998738685,0.366,2.104459060667878,1.052229530333939
3211,3.0,2.0,0.25616666724348197,0.7684721383616806,0.0,1.0,45.0,3.0,2.0,5.0,3.0,2.0,B,0.12808333362174099,0.24320490253967003,0.366,1.9620745559667534,0.9810372779833767
3211,3.0,3.0,0.2356571512579739,0.7100931554823072,0.0,0.0,45.0,3.0,2.0,5.0,3.0,3.0,B,0.11782857562898695,0.2249739463614495,0.366,1.8149948923798043,0.9074974461899021
3212,0.0,0.0,0.20522284459565465,0.4366696131191481,0.0,0.0,45.0,3.0,2.0,5.0,0.0,0.0,Bxz,0.10261142229782733,0.20270229744759397,0.366,1.6353166243968114,0.8176583121984057
3212,0.0,1.0,0.25279176044215057,0.44037318841647005,0.40396942033902067,3.0,45.0,3.0,2.0,5.0,0.0,1.0,Bxz,0.12639588022107529,0.24953940167975758,0.366,2.0131786227753232,1.0065893113876616
3212,0.0,2.0,0.28289550994807877,0.5704988049078634,0.0,2.0,45.0,3.0,2.0,5.0,0.0,2.0,Bx,0.14144775497403939,0.27424069365809406,0.366,2.212458226040287,1.1062291130201436
3212,0.0,3.0,0.26527181913274883,0.6399450930490235,0.0,1.0,45.0,3.0,2.0,5.0,0.0,3.0,Bx,0.13263590956637442,0.25509667719347584,0.366,2.0580123772436782,1.0290061886218391
3212,1.0,0.0,0.2548209911307961,0.6765451774217741,0.0,1.0,45.0,3.0,2.0,5.0,1.0,0.0,Bxz,0.12741049556539805,0.2440945598438021,0.366,1.9692519357882097,0.9846259678941048
3212,1.0,1.0,0.227296496319299,0.5896837211249191,0.0,0.0,45.0,3.0,2.0,5.0,1.0,1.0,Bxz,0.1136482481596495,0.21983309664636547,0.366,1.7735206855826366,0.8867603427913183
3212,1.0,2.0,0.2632413996789268,0.5249327896886782,0.0,3.0,45.0,3.0,2.0,5.0,1.0,2.0,Bx,0.1316206998394634,0.25667915930190005,0.366,2.0707791753130764,1.0353895876565382
3212,1.0,3.0,0.30463096037216586,0.6774377539815994,0.0,2.0,45.0,3.0,2.0,5.0,1.0,3.0,Bx,0.15231548018608293,0.2917808988689554,0.366,2.3539652022208064,1.1769826011104032
3212,2.0,0.0,0.2735765883047234,0.533583921013411,0.0,2.0,45.0,3.0,2.0,5.0,2.0,0.0,Bz,0.1367882941523617,0.2664516499548451,0.366,2.1496195073061326,1.0748097536530663
3212,2.0,1.0,0.23701374234333572,0.5728765498836315,0.0,1.0,45.0,3.0,2.0,5.0,2.0,1.0,Bz,0.11850687117166786,0.22969573457698808,0.366,1.853088287782723,0.9265441438913615
3212,2.0,2.0,0.21101558201770113,0.4693290833346243,0.0,0.0,45.0,3.0,2.0,5.0,2.0,2.0,B,0.10550779100885056,0.20737422660032886,0.366,1.673007777914431,0.8365038889572155
3212,2.0,3.0,0.2259358405411718,0.3696490213867345,0.3903376678029642,3.0,45.0,3.0,2.0,5.0,2.0,3.0,B,0.1129679202705859,0.22577899517733666,0.366,1.821489686610795,0.9107448433053975
3212,3.0,0.0,0.272974972324649,0.4676802349664527,0.5182100337767073,3.0,45.0,3.0,2.0,5.0,3.0,0.0,Bz,0.1364874861623245,0.26833052197667934,0.366,2.164777454162724,1.082388727081362
3212,3.0,1.0,0.28033445069502955,0.6277671313853412,0.037289490185901754,2.0,45.0,3.0,2.0,5.0,3.0,1.0,Bz,0.14016722534751477,0.26994435369219655,0.366,2.1777971676370935,1.0888985838185468
3212,3.0,2.0,0.23316138841895648,0.6332763306141419,0.0,1.0,45.0,3.0,2.0,5.0,3.0,2.0,B,0.11658069420947824,0.2243823958081274,0.366,1.8102225120654232,0.9051112560327116
3212,3.0,3.0,0.2376485492945348,0.7476824511186857,0.0,0.0,45.0,3.0,2.0,5.0,3.0,3.0,B,0.1188242746472674,0.22605735426158585,0.366,1.8237353702747519,0.9118676851373759
3220,0.0,0.0,0.42312790676577194,0.38368856242751725,0.0,0.0,45.0,3.0,4.0,0.0,0.0,0.0,Bxz,0.10578197669144299,0.4217322624702504,0.366,3.4023579828461687,0.8505894957115422
3220,0.0,1.0,0.5697595456264717,0.42259860609692945,0.4816536286170187,3.0,45.0,3.0,4.0,0.0,0.0,1.0,Bxz,0.14243988640661792,0.5640535303207541,0.366,4.550545932621786,1.1376364831554464
3220,0.0,2.0,0.6334007424648928,0.6072455917563451,0.0,2.0,45.0,3.0,4.0,0.0,0.0,2.0,Bx,0.1583501856162232,0.6113455258185813,0.366,4.932077801832545,1.2330194504581362
3220,0.0,3.0,0.5865935808856789,0.6755401747620717,0.0,1.0,45.0,3.0,4.0,0.0,0.0,3.0,Bx,0.14664839522141973,0.5619599942907499,0.366,4.533656167104822,1.1334140417762055
3220,1.0,0.0,0.5021642200821875,0.5674800083860365,0.0,1.0,45.0,3.0,4.0,0.0,1.0,0.0,Bxz,0.12554105502054688,0.48698199185394486,0.366,3.9287652734499448,0.9821913183624862
3220,1.0,1.0,0.3866217509922289,0.24880599711314125,0.9863860163188362,0.0,45.0,3.0,4.0,0.0,1.0,1.0,Bxz,0.09665543774805722,0.3972095671118549,0.366,3.2045192217686305,0.8011298054421576
3220,1.0,2.0,0.592963908526026,0.49378128734772997,0.1595660063294528,3.0,45.0,3.0,4.0,0.0,1.0,2.0,Bx,0.1482409771315065,0.5806634797158977,0.366,4.684547997316147,1.1711369993290368
3220,1.0,3.0,0.6924671622301382,0.7341565114209065,0.0,2.0,45.0,3.0,4.0,0.0,1.0,3.0,Bx,0.17311679055753454,0.6595347053769953,0.366,5.320847773560622,1.3302119433901556
3220,2.0,0.0,0.6303052142828595,0.6038115499533284,0.0,2.0,45.0,3.0,4.0,0.0,2.0,0.0,Bz,0.15757630357071487,0.6085993395779052,0.366,4.909922729741029,1.2274806824352573
3220,2.0,1.0,0.5059884464964198,0.6031905707889731,0.0,1.0,45.0,3.0,4.0,0.0,2.0,1.0,Bz,0.12649711162410496,0.48859887016700826,0.366,3.9418095655880885,0.9854523913970221
3220,2.0,2.0,0.39098318397076753,0.29346557641213095,0.032472411651802376,0.0,45.0,3.0,4.0,0.0,2.0,2.0,B,0.09774579599269188,0.39707519088104454,0.366,3.203435131026024,0.800858782756506
3220,2.0,3.0,0.4717845592515761,0.239586752765612,0.9407936302935983,3.0,45.0,3.0,4.0,0.0,2.0,3.0,B,0.11794613981289402,0.4859873924755812,0.366,3.9207412652441507,0.9801853163110377
3220,3.0,0.0,0.6075474315184503,0.45484348697440075,0.6931215241167678,3.0,45.0,3.0,4.0,0.0,3.0,0.0,Bz,0.15188685787961256,0.5983751185432927,0.366,4.827438027594365,1.2068595068985912
3220,3.0,1.0,0.6564155973077865,0.7314992535746341,0.0,2.0,45.0,3.0,4.0,0.0,3.0,1.0,Bz,0.16410389932694663,0.6253563955920605,0.366,5.0451115885796,1.2612778971449
3220,3.0,2.0,0.42954185319225247,0.5129679105931222,0.0,1.0,45.0,3.0,4.0,0.0,3.0,2.0,B,0.10738546329806312,0.41951051283065927,0.366,3.3844338440148842,0.8461084610037211
3220,3.0,3.0,0.35579107524161074,0.18080322898981216,1.395904771150141,0.0,45.0,3.0,4.0,0.0,3.0,3.0,B,0.08894776881040269,0.37379569313407357,0.366,3.0156259638256766,0.7539064909564192
3221,0.0,0.0,0.3956963148833701,0.3768519749136909,0.09629421111676592,0.0,45.0,3.0,4.0,5.0,0.0,0.0,Bxz,0.09892407872084252,0.3948878086490316,0.366,3.1857882539409443,0.7964470634852361
3221,0.0,1.0,0.5532367077536816,0.5893705977819697,0.0,3.0,45.0,3.0,4.0,5.0,0.0,1.0,Bxz,0.1383091769384204,0.5350907846026024,0.366,4.316886718308656,1.079221679577164
3221,0.0,2.0,0.551483408665068,0.5631576954130004,0.0,2.0,45.0,3.0,4.0,5.0,0.0,2.0,Bx,0.137870852166267,0.5350963956489517,0.366,4.316931985863543,1.0792329964658858
3221,0.0,3.0,0.48981327579277656,0.5992731900712405,0.0,1.0,45.0,3.0,4.0,5.0,0.0,3.0,Bx,0.12245331894819414,0.47319537209269974,0.366,3.8175406412001274,0.9543851603000318
3221,1.0,0.0,0.4841708668576568,0.6396711393223743,0.0,1.0,45.0,3.0,4.0,5.0,1.0,0.0,Bxz,0.1210427167144142,0.46561327820308024,0.366,3.7563715062590797,0.9390928765647699
3221,1.0,1.0,0.401973399791552,0.38173328978413756,0.32783132802013537,0.0,45.0,3.0,4.0,5.0,1.0,1.0,Bxz,0.100493349947888,0.4007908411798726,0.366,3.2334114301633807,0.8083528575408452
3221,1.0,2.0,0.5501432915993176,0.5740989812473922,0.0,3.0,45.0,3.0,4.0,5.0,1.0,2.0,Bx,0.1375358228998294,0.5330775870273761,0.366,4.30064508955349,1.0751612723883726
3221,1.0,3.0,0.6236988587505286,0.7096794521863499,0.0,2.0,45.0,3.0,4.0,5.0,1.0,3.0,Bx,0.15592471468763214,0.595448587230249,0.366,4.803828007538842,1.2009570018847104
3221,2.0,0.0,0.5185509735886078,0.4906177719188414,0.0,2.0,45.0,3.0,4.0,5.0,2.0,0.0,Bz,0.12963774339715195,0.5080226793495942,0.366,4.098512664000707,1.0246281660001768
3221,2.0,1.0,0.4546895223653529,0.5819187328521533,0.0,1.0,45.0,3.0,4.0,5.0,2.0,1.0,Bz,0.11367238059133823,0.44016778980325677,0.366,3.551088040210129,0.8877720100525323
3221,2.0,2.0,0.3748853427329937,0.317508005747574,0.0,0.0,45.0,3.0,4.0,5.0,2.0,2.0,B,0.09372133568324842,0.3786337380803092,0.366,3.0546572694881275,0.7636643173720319
3221,2.0,3.0,0.4071037566254283,0.21607172228548158,0.9980360454745673,3.0,45.0,3.0,4.0,5.0,2.0,3.0,B,0.10177593915635708,0.42240293829642195,0.366,3.407768712482339,0.8519421781205847
3221,3.0,0.0,0.6080378298805565,0.6378360215650916,0.13942308117456662,3.0,45.0,3.0,4.0,5.0,3.0,0.0,Bz,0.15200945747013914,0.5848502007865796,0.366,4.7183246967162535,1.1795811741790634
3221,3.0,1.0,0.5105133924631965,0.5553498841597688,0.12144468234912166,2.0,45.0,3.0,4.0,5.0,3.0,1.0,Bz,0.12762834811579912,0.4958281133601262,0.366,4.000132049962345,1.0000330124905863
3221,3.0,2.0,0.44214579021793887,0.6067300628619062,0.0,1.0,45.0,3.0,4.0,5.0,3.0,2.0,B,0.11053644755448472,0.4267755044156732,0.366,3.443044731334244,0.860761182833561
3221,3.0,3.0,0.35524336892893327,0.3261974544766854,0.3678240105004685,0.0,45.0,3.0,4.0,5.0,3.0,3.0,B,0.08881084223223332,0.35811788938496547,0.366,2.8891440569712388,0.7222860142428097
3222,0.0,0.0,0.4040714368175534,0.43900211052522964,0.0,0.0,45.0,3.0,4.0,5.0,0.0,0.0,Bxz,0.10101785920438835,0.39895982557115367,0.366,3.2186395686592344,0.8046598921648086
3222,0.0,1.0,0.5252950222083191,0.48764352128947225,0.2257129599147477,3.0,45.0,3.0,4.0,5.0,0.0,1.0,Bxz,0.13132375555207979,0.5148489000624799,0.366,4.153583733022359,1.0383959332555897
3222,0.0,2.0,0.5872528041907312,0.5824487420125509,0.0,2.0,45.0,3.0,4.0,5.0,0.0,2.0,Bx,0.1468132010476828,0.5684610794608498,0.366,4.586104179728027,1.1465260449320067
3222,0.0,3.0,0.5548948945886982,0.6334650484115101,0.0,1.0,45.0,3.0,4.0,5.0,0.0,3.0,Bx,0.13872372364717456,0.533990854392546,0.366,4.308012945387328,1.077003236346832
3222,1.0,0.0,0.5182793804745883,0.6524281118051367,0.0,1.0,45.0,3.0,4.0,5.0,1.0,0.0,Bxz,0.12956984511864708,0.4977259914233277,0.366,4.015443329542853,1.0038608323857132
3222,1.0,1.0,0.43525941703719156,0.552194845818939,0.0,0.0,45.0,3.0,4.0,5.0,1.0,1.0,Bxz,0.10881485425929789,0.42290750045696685,0.366,3.411839307140468,0.852959826785117
3222,1.0,2.0,0.5324580382711701,0.5285579400554191,0.0,3.0,45.0,3.0,4.0,5.0,1.0,2.0,Bx,0.13311450956779253,0.5189345442935707,0.366,4.186544987120631,1.0466362467801578
3222,1.0,3.0,0.6419841107129075,0.7213587065003472,0.0,2.0,45.0,3.0,4.0,5.0,1.0,3.0,Bx,0.16049602767822688,0.6122056957630306,0.366,4.939017290075535,1.2347543225188837
3222,2.0,0.0,0.5906786546730691,0.5937111340205884,0.0,2.0,45.0,3.0,4.0,5.0,2.0,0.0,Bz,0.14766966366826728,0.5710112825375335,0.366,4.606678142329348,1.151669535582337
3222,2.0,1.0,0.5131547443781176,0.6435975534430324,0.0,1.0,45.0,3.0,4.0,5.0,2.0,1.0,Bz,0.1282886860945294,0.4932749004404419,0.366,3.9795338052174185,0.9948834513043546
3222,2.0,2.0,0.38897712880227125,0.3875868059756632,0.0,0.0,45.0,3.0,4.0,5.0,2.0,2.0,B,0.09724428220056781,0.38741988988362125,0.366,3.1255402357364255,0.7813850589341064
3222,2.0,3.0,0.4261937377592943,0.27784128159250865,0.7808107018844738,3.0,45.0,3.0,4.0,5.0,2.0,3.0,B,0.10654843443982358,0.4344951829481586,0.366,3.50532384113287,0.8763309602832176
3222,3.0,0.0,0.586237409675152,0.5875083664248223,0.2573004416575105,3.0,45.0,3.0,4.0,5.0,3.0,0.0,Bz,0.146559352418788,0.5671347006342623,0.366,4.57540351489749,1.1438508787243724
3222,3.0,1.0,0.6401114490990191,0.7748376314691525,0.0,2.0,45.0,3.0,4.0,5.0,3.0,1.0,Bz,0.16002786227475477,0.6073716570469397,0.366,4.900018304987835,1.2250045762469588
3222,3.0,2.0,0.469728327256394,0.6417288650838611,0.0,1.0,45.0,3.0,4.0,5.0,3.0,2.0,B,0.1174320818140985,0.45162275647775213,0.366,3.6435018789805396,0.9108754697451349
3222,3.0,3.0,0.39462375435300173,0.499343444600054,0.0,0.0,45.0,3.0,4.0,5.0,3.0,3.0,B,0.09865593858825043,0.38613480140846773,0.366,3.1151726840426286,0.7787931710106571
3230,0.0,0.0,0.2623063330526366,0.5646038557703258,0.0,0.0,0.0,3.0,2.0,0.0,0.0,0.0,Bxz,0.1311531665263183,0.25446636345370227,0.366,2.052927271893533,1.0264636359467665
3230,0.0,1.0,0.2648614629943012,0.5115322537346708,0.0,1.0,0.0,3.0,2.0,0.0,0.0,1.0,Bxz,0.1324307314971506,0.2587267528884329,0.366,2.08729829657726,1.04364914828863
3230,0.0,2.0,0.24469363856432885,0.6785756252765491,0.0,2.0,0.0,3.0,2.0,0.0,0.0,2.0,Bx,0.12234681928216443,0.2343443444817776,0.366,1.8905913114453103,0.9452956557226552
3230,0.0,3.0,0.2928165441279837,0.8312805649219501,0.0,3.0,0.0,3.0,2.0,0.0,0.0,3.0,Bx,0.14640827206399185,0.27647569139798195,0.366,2.2304892449559603,1.1152446224779802
3230,1.0,0.0,0.22119590005486658,0.2880439851974234,0.0,0.0,0.0,3.0,2.0,0.0,1.0,0.0,Bxz,0.11059795002743329,0.2249358260936205,0.366,1.8146873541402668,0.9073436770701334
3230,1.0,1.0,0.22719176722514547,0.2628070744153419,0.0,1.0,0.0,3.0,2.0,0.0,1.0,1.0,Bxz,0.11359588361257274,0.23252072697399,0.366,1.8758791346985364,0.9379395673492682
3230,1.0,2.0,0.2650270866021864,0.9317093895106056,0.0,2.0,0.0,3.0,2.0,0.0,1.0,2.0,Bx,0.1325135433010932,0.24824716949756906,0.366,2.002753438666792,1.001376719333396
3230,1.0,3.0,0.31569909167978183,1.0841239487717065,0.0,3.0,0.0,3.0,2.0,0.0,1.0,3.0,Bx,0.15784954583989091,0.2925913499340658,0.366,2.360503579519553,1.1802517897597764
3230,2.0,0.0,0.2845632106725443,0.6475350295305293,0.0,0.0,0.0,3.0,2.0,0.0,2.0,0.0,Bz,0.14228160533627215,0.27342234237833046,0.366,2.2058561131424805,1.1029280565712403
3230,2.0,1.0,0.29509486771214355,0.6331807099418346,0.0,1.0,0.0,3.0,2.0,0.0,2.0,1.0,Bz,0.14754743385607177,0.28398695756089265,0.366,2.291086971677103,1.1455434858385516
3230,2.0,2.0,0.2133658860197221,0.4927449652974688,0.0,2.0,0.0,3.0,2.0,0.0,2.0,2.0,B,0.10668294300986104,0.20897055964725555,0.366,1.6858863195125506,0.8429431597562753
3230,2.0,3.0,0.25645817367517304,0.6182002455548061,0.0,3.0,0.0,3.0,2.0,0.0,2.0,3.0,B,0.12822908683758652,0.2472186206930663,0.366,1.9944555408127151,0.9972277704063576
3230,3.0,0.0,0.3159261004713947,0.9034480224795405,0.0,0.0,0.0,3.0,2.0,0.0,3.0,0.0,Bz,0.15796305023569734,0.29656231344819,0.366,2.3925396379722175,1.1962698189861087
3230,3.0,1.0,0.3189535188728392,0.8389489564578666,0.0,1.0,0.0,3.0,2.0,0.0,3.0,1.0,Bz,0.1594767594364196,0.30096055992646353,0.366,2.4280228351272712,1.2140114175636356
3230,3.0,2.0,0.197657736103251,0.3447995683275298,0.0,2.0,0.0,3.0,2.0,0.0,3.0,2.0,B,0.0988288680516255,0.19848505996847535,0.366,1.6012937314870013,0.8006468657435006
3230,3.0,3.0,0.23201943890702387,0.4040302591943558,0.0,3.0,0.0,3.0,2.0,0.0,3.0,3.0,B,0.11600971945351193,0.23041941821008072,0.366,1.8589266620434106,0.9294633310217053
3231,0.0,0.0,0.27177854915123245,0.542709841771119,0.0,0.0,0.0,3.0,2.0,5.0,0.0,0.0,Bxz,0.13588927457561623,0.2643864010459294,0.366,2.1329579503489877,1.0664789751744939
3231,0.0,1.0,0.25269741414911384,0.5020681122838178,0.0,1.0,0.0,3.0,2.0,5.0,0.0,1.0,Bxz,0.12634870707455692,0.24716734301907983,0.366,1.9940418541708451,0.9970209270854226
3231,0.0,2.0,0.24489811435744072,0.6544078136230962,0.0,2.0,0.0,3.0,2.0,5.0,0.0,2.0,Bx,0.12244905717872036,0.23513632371112914,0.366,1.89698066576563,0.948490332882815
3231,0.0,3.0,0.2765768740035753,0.6908928685485864,0.0,3.0,0.0,3.0,2.0,5.0,0.0,3.0,Bx,0.13828843700178764,0.26454575069845193,0.366,2.1342435161227518,1.0671217580613759
3231,1.0,0.0,0.2354591552184759,0.3021681636334991,0.0,0.0,0.0,3.0,2.0,5.0,1.0,0.0,Bxz,0.11772957760923795,0.23863923499045658,0.366,1.925240676239129,0.9626203381195645
3231,1.0,1.0,0.21990916586155634,0.2781705869317773,0.0,1.0,0.0,3.0,2.0,5.0,1.0,1.0,Bxz,0.10995458293077817,0.22417399050108122,0.366,1.8085411859654401,0.9042705929827201
3231,1.0,2.0,0.27329015022354175,0.9590906391981916,0.0,2.0,0.0,3.0,2.0,5.0,1.0,2.0,Bx,0.13664507511177088,0.25546857157179215,0.366,2.061012664201637,1.0305063321008185
3231,1.0,3.0,0.311694875133654,1.0230631204584881,0.0,3.0,0.0,3.0,2.0,5.0,1.0,3.0,Bx,0.155847437566827,0.29005487399034996,0.366,2.340040361636127,1.1700201808180635
3231,2.0,0.0,0.29739339517705443,0.6573675745659813,0.0,0.0,0.0,3.0,2.0,5.0,2.0,0.0,Bz,0.14869669758852722,0.2854489274574098,0.366,2.302881528059772,1.151440764029886
3231,2.0,1.0,0.28959493414113024,0.686069532756876,0.0,1.0,0.0,3.0,2.0,5.0,2.0,1.0,Bz,0.14479746707056512,0.2771333982321786,0.366,2.2357953462359386,1.1178976731179693
3231,2.0,2.0,0.21194035634289377,0.45192138363505624,0.0,2.0,0.0,3.0,2.0,5.0,2.0,2.0,B,0.10597017817144688,0.20883483032397723,0.366,1.6847913125907246,0.8423956562953623
3231,2.0,3.0,0.25794296516837256,0.6219798440099196,0.0,3.0,0.0,3.0,2.0,5.0,2.0,3.0,B,0.12897148258418628,0.24854385043847235,0.366,2.005146935341028,1.002573467670514
3231,3.0,0.0,0.3261702855378221,0.8862153091361753,0.0,0.0,0.0,3.0,2.0,5.0,3.0,0.0,Bz,0.16308514276891106,0.3065916498046556,0.366,2.4734520927490844,1.2367260463745422
3231,3.0,1.0,0.3150349244197803,0.9103478985673313,0.0,1.0,0.0,3.0,2.0,5.0,3.0,1.0,Bz,0.15751746220989016,0.29556830446351373,0.366,2.384520392813631,1.1922601964068156
3231,3.0,2.0,0.19368739586562783,0.2972673218178019,0.0,2.0,0.0,3.0,2.0,5.0,3.0,2.0,B,0.09684369793281392,0.19652813559006213,0.366,1.5855060911444743,0.7927530455722371
3231,3.0,3.0,0.2246411457989143,0.37177206512511807,0.0,3.0,0.0,3.0,2.0,5.0,3.0,3.0,B,0.11232057289945716,0.22439522379380558,0.366,1.8103260028422974,0.9051630014211487
3232,0.0,0.0,0.2920032424793093,0.594227600737694,0.0,0.0,0.0,3.0,2.0,5.0,0.0,0.0,Bxz,0.14600162123965466,0.2822634546256057,0.366,2.277182477067218,1.138591238533609
3232,0.0,1.0,0.27796974033705374,0.5137529887119708,0.0,1.0,0.0,3.0,2.0,5.0,0.0,1.0,Bxz,0.13898487016852687,0.2714490912460562,0.366,2.18993675543736,1.09496837771868
3232,0.0,2.0,0.24976314000156968,0.6618522834639393,0.0,2.0,0.0,3.0,2.0,5.0,0.0,2.0,Bx,0.12488157000078484,0.23961761801903528,0.366,1.9331338577758408,0.9665669288879204
3232,0.0,3.0,0.3072515173841073,0.8086029915270764,0.0,3.0,0.0,3.0,2.0,5.0,0.0,3.0,Bx,0.15362575869205364,0.29066734134842026,0.366,2.3449814899073136,1.1724907449536568
3232,1.0,0.0,0.2522709844036244,0.3314272134716208,0.0,0.0,0.0,3.0,2.0,5.0,1.0,0.0,Bxz,0.1261354922018122,0.2540292969637755,0.366,2.049401203832421,1.0247006019162106
3232,1.0,1.0,0.24243702819164142,0.28320789676327013,0.0,1.0,0.0,3.0,2.0,5.0,1.0,1.0,Bxz,0.12121851409582071,0.24682847081636233,0.366,1.9913079761949768,0.9956539880974884
3232,1.0,2.0,0.2677966891481882,0.8953316759863711,0.0,2.0,0.0,3.0,2.0,5.0,1.0,2.0,Bx,0.1338983445740941,0.2515417064874934,0.366,2.029332373277567,1.0146661866387836
3232,1.0,3.0,0.33928097500828,1.1270152821058599,0.0,3.0,0.0,3.0,2.0,5.0,1.0,3.0,Bx,0.16964048750414,0.31359425446334727,0.366,2.5299461530366725,1.2649730765183362
3232,2.0,0.0,0.3166247689718749,0.6894865044101525,0.0,0.0,0.0,3.0,2.0,5.0,2.0,0.0,Bz,0.15831238448593746,0.3028947584473866,0.366,2.443627132838633,1.2218135664193166
3232,2.0,1.0,0.31627840856397493,0.6784393135631002,0.0,1.0,0.0,3.0,2.0,5.0,2.0,1.0,Bz,0.15813920428198747,0.30290570318768195,0.366,2.443715430386219,1.2218577151931096
3232,2.0,2.0,0.2102033447027597,0.43116626726287954,0.0,2.0,0.0,3.0,2.0,5.0,2.0,2.0,B,0.10510167235137985,0.20780603874061393,0.366,1.6764914560992188,0.8382457280496094
3232,2.0,3.0,0.27492029477328506,0.6358708347576812,0.0,3.0,0.0,3.0,2.0,5.0,2.0,3.0,B,0.13746014738664253,0.26449328676244505,0.366,2.133820259219334,1.066910129609667
3232,3.0,0.0,0.34933926117789815,0.9416078394226505,0.0,0.0,0.0,3.0,2.0,5.0,3.0,0.0,Bz,0.17466963058894908,0.32697923152329766,0.366,2.6379305014082832,1.3189652507041416
3232,3.0,1.0,0.3378016816034231,0.8678543504591355,0.0,1.0,0.0,3.0,2.0,5.0,3.0,1.0,Bz,0.16890084080171155,0.3179905427929594,0.366,2.5654135526743858,1.2827067763371929
3232,3.0,2.0,0.19756637605477598,0.3088724770082841,0.0,2.0,0.0,3.0,2.0,5.0,3.0,2.0,B,0.09878318802738799,0.19992732945414365,0.366,1.6129293532657005,0.8064646766328503
3232,3.0,3.0,0.2392313349195254,0.36797416706195746,0.0,3.0,0.0,3.0,2.0,5.0,3.0,3.0,B,0.1196156674597627,0.23914126733672358,0.366,1.9292908614228843,0.9646454307114422
3240,0.0,0.0,0.5217792684943056,0.5639295855630604,0.0,0.0,0.0,3.0,4.0,0.0,0.0,0.0,Bxz,0.1304448171235764,0.5062263578676889,0.366,4.084020700075728,1.021005175018932
3240,0.0,1.0,0.5029001210157178,0.5372306793284525,0.0,1.0,0.0,3.0,4.0,0.0,0.0,1.0,Bxz,0.12572503025392945,0.489569281434554,0.366,3.949638434319731,0.9874096085799328
3240,0.0,2.0,0.5090101073124357,0.6725800595069857,0.0,2.0,0.0,3.0,4.0,0.0,0.0,2.0,Bx,0.12725252682810892,0.48778450794537137,0.366,3.9352396347284353,0.9838099086821088
3240,0.0,3.0,0.6651503097356728,0.7711159712988089,0.0,3.0,0.0,3.0,4.0,0.0,0.0,3.0,Bx,0.1662875774339182,0.6313426004429279,0.366,5.0934057639931725,1.2733514409982931
3240,1.0,0.0,0.44593998055109574,0.29876886141414255,0.0,0.0,0.0,3.0,4.0,0.0,1.0,0.0,Bxz,0.11148499513777393,0.45232085628925905,0.366,3.649133853761391,0.9122834634403477
3240,1.0,1.0,0.4249139151507393,0.26485334763952334,0.0,1.0,0.0,3.0,4.0,0.0,1.0,1.0,Bxz,0.10622847878768482,0.43464455860624307,0.366,3.5065289409271085,0.8766322352317771
3240,1.0,2.0,0.5656825535167265,0.9796719204915635,0.0,2.0,0.0,3.0,4.0,0.0,1.0,2.0,Bx,0.14142063837918162,0.5280083789729102,0.366,4.259748857451645,1.0649372143629112
3240,1.0,3.0,0.734698677512108,1.0897825699552792,0.0,3.0,0.0,3.0,4.0,0.0,1.0,3.0,Bx,0.183674669378027,0.6806739718879418,0.366,5.4913904580205415,1.3728476145051354
3240,2.0,0.0,0.5693104234819859,0.6592962008467914,0.0,0.0,0.0,3.0,4.0,0.0,2.0,0.0,Bz,0.14232760587049648,0.5463326695870987,0.366,4.4075815038941855,1.1018953759735464
3240,2.0,1.0,0.5601054569669751,0.6634165432923226,0.0,1.0,0.0,3.0,4.0,0.0,2.0,1.0,Bz,0.14002636424174378,0.5372648634388603,0.366,4.334426269208916,1.083606567302229
3240,2.0,2.0,0.4487793062023773,0.512207972070999,0.0,2.0,0.0,3.0,4.0,0.0,2.0,2.0,B,0.11219482655059433,0.43834419085469223,0.366,3.536376013191337,0.8840940032978343
3240,2.0,3.0,0.5997616925035917,0.6303402404242487,0.0,3.0,0.0,3.0,4.0,0.0,2.0,3.0,B,0.14994042312589792,0.5773672517386343,0.366,4.657955420532875,1.1644888551332186
3240,3.0,0.0,0.6336518196682028,0.9206003053508862,0.0,0.0,0.0,3.0,4.0,0.0,3.0,0.0,Bz,0.1584129549170507,0.5940313757951498,0.366,4.792394543541216,1.198098635885304
3240,3.0,1.0,0.6146159206482088,0.9064604995043679,0.0,1.0,0.0,3.0,4.0,0.0,3.0,1.0,Bz,0.1536539801620522,0.5768103703766267,0.366,4.6534627366285735,1.1633656841571434
3240,3.0,2.0,0.3967377176531924,0.3099547684871845,0.0,2.0,0.0,3.0,4.0,0.0,3.0,2.0,B,0.0991844294132981,0.40138051330437324,0.366,3.238168656106459,0.8095421640266147
3240,3.0,3.0,0.5270669159327294,0.3700940683956486,0.0,3.0,0.0,3.0,4.0,0.0,3.0,3.0,B,0.13176672898318234,0.526656663683729,0.366,4.248843788729269,1.0622109471823173
3241,0.0,0.0,0.4997835802563258,0.609229747722117,0.0,0.0,0.0,3.0,4.0,5.0,0.0,0.0,Bxz,0.12494589506408145,0.4822708168868365,0.366,3.890757501258087,0.9726893753145217
3241,0.0,1.0,0.4910285090429289,0.5625828525013014,0.0,1.0,0.0,3.0,4.0,5.0,0.0,1.0,Bxz,0.12275712726073222,0.47647193993988823,0.366,3.843974608347721,0.9609936520869302
3241,0.0,2.0,0.5400818128606223,0.5911385109511085,0.0,2.0,0.0,3.0,4.0,5.0,0.0,2.0,Bx,0.13502045321515557,0.5222578553721334,0.366,4.213356058939986,1.0533390147349966
3241,0.0,3.0,0.6454380505288708,0.7924884030771402,0.0,3.0,0.0,3.0,4.0,5.0,0.0,3.0,Bx,0.1613595126322177,0.6114609640249582,0.366,4.933009108583163,1.2332522771457908
3241,1.0,0.0,0.434027662668622,0.35408224524403564,0.0,0.0,0.0,3.0,4.0,5.0,1.0,0.0,Bxz,0.1085069156671555,0.4350345960435178,0.366,3.5096755984309658,0.8774188996077414
3241,1.0,1.0,0.417968924524921,0.28920008383305223,0.0,1.0,0.0,3.0,4.0,5.0,1.0,1.0,Bxz,0.10449223113123025,0.4249166811048357,0.366,3.4280485290202822,0.8570121322550706
3241,1.0,2.0,0.598040377722756,0.857613626749295,0.0,2.0,0.0,3.0,4.0,5.0,1.0,2.0,Bx,0.149510094430689,0.5634349280916355,0.366,4.5455553107990205,1.1363888276997551
3241,1.0,3.0,0.7048494803771306,1.0718927361776651,0.0,3.0,0.0,3.0,4.0,5.0,1.0,3.0,Bx,0.17621237009428264,0.6537767425625906,0.366,5.274394958611699,1.3185987396529248
3241,2.0,0.0,0.5346400095602075,0.6962069221554076,0.0,0.0,0.0,3.0,4.0,5.0,2.0,0.0,Bz,0.13366000239005188,0.511108905678977,0.366,4.123411036079571,1.0308527590198928
3241,2.0,1.0,0.5448416462457392,0.6887977037759566,0.0,1.0,0.0,3.0,4.0,5.0,2.0,1.0,Bz,0.1362104115614348,0.5212517836995147,0.366,4.205239497103811,1.0513098742759528
3241,2.0,2.0,0.4748519895169675,0.43832476297086315,0.0,2.0,0.0,3.0,4.0,5.0,2.0,2.0,B,0.11871299737924187,0.46889566478209577,0.366,3.78285241648038,0.945713104120095
3241,2.0,3.0,0.5843268512094311,0.6203260397985834,0.0,3.0,0.0,3.0,4.0,5.0,2.0,3.0,B,0.14608171280235777,0.5631396657901336,0.366,4.543173259109012,1.135793314777253
3241,3.0,0.0,0.5871603323475643,0.9351330951384846,0.0,0.0,0.0,3.0,4.0,5.0,3.0,0.0,Bz,0.14679008308689107,0.5498436877651522,0.366,4.435906917406653,1.1089767293516632
3241,3.0,1.0,0.5903746388024549,0.9127032213523241,0.0,1.0,0.0,3.0,4.0,5.0,3.0,1.0,Bz,0.14759365970061372,0.5537940661630961,0.366,4.4677769038259525,1.1169442259564881
3241,3.0,2.0,0.4193562837904667,0.26065521546645304,0.0,2.0,0.0,3.0,4.0,5.0,3.0,2.0,B,0.10483907094761667,0.4294396910076995,0.366,3.46453826485259,0.8661345662131475
3241,3.0,3.0,0.5119932117264555,0.37269167086410104,0.0,3.0,0.0,3.0,4.0,5.0,3.0,3.0,B,0.12799830293161388,0.5113442783431901,0.366,4.125309923440804,1.031327480860201
3242,0.0,0.0,0.4904918244157682,0.5311408142356436,0.0,0.0,0.0,3.0,4.0,5.0,0.0,0.0,Bxz,0.12262295610394205,0.47787110544086386,0.366,3.8552624853616435,0.9638156213404109
3242,0.0,1.0,0.48576005590528787,0.5024631936238588,0.0,1.0,0.0,3.0,4.0,5.0,0.0,1.0,Bxz,0.12144001397632197,0.4751034433707802,0.366,3.8329341553381986,0.9582335388345496
3242,0.0,2.0,0.581892456066657,0.6788117507909399,0.0,2.0,0.0,3.0,4.0,5.0,0.0,2.0,Bx,0.14547311401666424,0.5572677984229274,0.366,4.495801510279534,1.1239503775698836
3242,0.0,3.0,0.6296018955582342,0.7782676745141004,0.0,3.0,0.0,3.0,4.0,5.0,0.0,3.0,Bx,0.15740047388955855,0.5972149535558593,0.366,4.818078305899629,1.2045195764749073
3242,1.0,0.0,0.43175746788475683,0.30869593693474484,0.0,0.0,0.0,3.0,4.0,5.0,1.0,0.0,Bxz,0.10793936697118921,0.43693453270352733,0.366,3.5250034859020873,0.8812508714755218
3242,1.0,1.0,0.41184516067088023,0.25198473822600964,0.0,1.0,0.0,3.0,4.0,5.0,1.0,1.0,Bxz,0.10296129016772006,0.422747887962938,0.366,3.4105516208723126,0.8526379052180781
3242,1.0,2.0,0.6386174688688389,0.9503035231249837,0.0,2.0,0.0,3.0,4.0,5.0,1.0,2.0,Bx,0.15965436721720971,0.597357205109776,0.366,4.819225931426796,1.204806482856699
3242,1.0,3.0,0.6896637210976638,1.0776087800854321,0.0,3.0,0.0,3.0,4.0,5.0,1.0,3.0,Bx,0.17241593027441596,0.6394532199085461,0.366,5.158838820319092,1.289709705079773
3242,2.0,0.0,0.546293350338184,0.6595152161361615,0.0,0.0,0.0,3.0,4.0,5.0,2.0,0.0,Bz,0.136573337584546,0.5242323926335263,0.366,4.229285792592272,1.057321448148068
3242,2.0,1.0,0.5465320019346507,0.6535192806476627,0.0,1.0,0.0,3.0,4.0,5.0,2.0,1.0,Bz,0.13663300048366267,0.5247968076759227,0.366,4.233839255051815,1.0584598137629537
3242,2.0,2.0,0.5027284320783503,0.4785163535348699,0.0,2.0,0.0,3.0,4.0,5.0,2.0,2.0,B,0.12568210801958757,0.493383190145009,0.366,3.980407440871081,0.9951018602177703
3242,2.0,3.0,0.545268183938267,0.5727530733906079,0.0,3.0,0.0,3.0,4.0,5.0,2.0,3.0,B,0.13631704598456676,0.5284405228735797,0.366,4.263235212139258,1.0658088030348145
3242,3.0,0.0,0.6012281062399838,0.8990118706744669,0.0,0.0,0.0,3.0,4.0,5.0,3.0,0.0,Bz,0.15030702655999595,0.5645720461202962,0.366,4.554729099352902,1.1386822748382255
3242,3.0,1.0,0.600035477864533,0.8948385019566465,0.0,1.0,0.0,3.0,4.0,5.0,3.0,1.0,Bz,0.15000886946613326,0.5636356818272544,0.366,4.547174907248599,1.1367937268121497
3242,3.0,2.0,0.45735702684355684,0.3161439762929445,0.0,2.0,0.0,3.0,4.0,5.0,3.0,2.0,B,0.11433925671088921,0.46206927161864,0.366,3.727779956200278,0.9319449890500695
3242,3.0,3.0,0.471769653201916,0.31484861084166915,0.0,3.0,0.0,3.0,4.0,5.0,3.0,3.0,B,0.117942413300479,0.47676740066661116,0.366,3.846358260848706,0.9615895652121765
